AIM.Indicator,terradat_name,Land.Health.Standard.and/or.Management.Question,"Semiarid Warm - Shallow, Deep Rocky","Semiarid Warm - Sandy Uplands, Loamy Uplands","Semiarid Cool - Saline Uplands, Sandy Uplands, Loamy Uplands, Finer Uplands",Semiarid Warm - Finer Uplands,Semiarid Warm - Very Shallow,"Arid Warm - Sandy Uplands, Loamy Uplands",Arid Warm - Shallow,Arid Warm - Saline Uplands,Semiarid Warm - Saline Uplands,Semiarid Cool - Deep Rocky,Semiarid Cool - Shallow,Arid Warm - Saline Hills,Arid Warm - Very Shallow,Semiarid Warm - Saline Hills,Semiarid Warm - Clay Uplands,Semiarid Cool - Clay Uplands,Outcrops,"Arid Warm - Finer Uplands, Clay Uplands","Arid Warm - Saline Bottoms, Bottoms",Arid Warm - Deep Rocky,Semiarid Warm - Saline Bottoms,Semiarid Cool - Very Shallow,Semiarid Warm - Breaks,"Semiarid Warm - Sandy Bottoms, Bottoms",Semiarid Cool - Breaks,Semiarid Cool - Saline Hills,Riparian,Semiarid Cool - Saline Bottoms,Arid Warm - Breaks,Semiarid Cool - Bottoms,Arid Warm - Sandy Bottoms,Arid Warm - Gypsum,Semiarid Warm - Gypsum,Semiarid Cool - Sandy Bottoms
Bare ground (%),BareSoilCover,LHA Standard 1:  Bare ground does not exceed adequate amounts.,Suitable: >= 0 & < 13.9;  Marginal: >= 13.9 & < 25.3;  Unsuitable: >= 25.3 & < 88.7,Suitable: >= 0 & < 20;  Marginal: >= 20 & < 32.7;  Unsuitable: >= 32.7 & < 80.2,Suitable: >= 0 & < 18;  Marginal: >= 18 & < 28.7;  Unsuitable: >= 28.7 & < 75.2,Suitable: >= 0 & < 22.7;  Marginal: >= 22.7 & < 33.3;  Unsuitable: >= 33.3 & < 83.2,Suitable: >= 0 & < 20;  Marginal: >= 20 & < 29.3;  Unsuitable: >= 29.3 & < 95,Suitable: >= 0 & < 36.7;  Marginal: >= 36.7 & < 51.3;  Unsuitable: >= 51.3 & < 85.3,Suitable: >= 0 & < 32.7;  Marginal: >= 32.7 & < 47.3;  Unsuitable: >= 47.3 & < 95.3,Suitable: >= 0 & < 40;  Marginal: >= 40 & < 52.5;  Unsuitable: >= 52.5 & < 98,Suitable: >= 0 & < 35.7;  Marginal: >= 35.7 & < 48;  Unsuitable: >= 48 & < 82.2,Suitable: >= 0 & < 8.9;  Marginal: >= 8.9 & < 17.3;  Unsuitable: >= 17.3 & < 60,Suitable: >= 0 & < 10;  Marginal: >= 10 & < 18;  Unsuitable: >= 18 & < 85.3,Suitable: >= 0 & < 52;  Marginal: >= 52 & < 63.3;  Unsuitable: >= 63.3 & < 99,Suitable: >= 0 & < 24.7;  Marginal: >= 24.7 & < 40.6;  Unsuitable: >= 40.6 & < 92.1,Suitable: >= 0 & < 45.3;  Marginal: >= 45.3 & < 56.6;  Unsuitable: >= 56.6 & < 92.7,Suitable: >= 0 & < 8.7;  Marginal: >= 8.7 & < 15.8;  Unsuitable: >= 15.8 & < 78.7,Suitable: >= 0 & < 5;  Marginal: >= 5 & < 8;  Unsuitable: >= 8 & < 36.6,Suitable: >= 0 & < 28;  Marginal: >= 28 & < 43.6;  Unsuitable: >= 43.6 & < 90,Suitable: >= 0 & < 29.2;  Marginal: >= 29.2 & < 40.1;  Unsuitable: >= 40.1 & < 61.4,Suitable: >= 0 & < 48.3;  Marginal: >= 48.3 & < 61.6;  Unsuitable: >= 61.6 & < 97,Suitable: >= 0 & < 27.3;  Marginal: >= 27.3 & < 50;  Unsuitable: >= 50 & < 83.2,Suitable: >= 0 & < 36.5;  Marginal: >= 36.5 & < 51.3;  Unsuitable: >= 51.3 & < 92.7,Suitable: >= 0 & < 16.7;  Marginal: >= 16.7 & < 25;  Unsuitable: >= 25 & < 74,Suitable: >= 0 & < 10.7;  Marginal: >= 10.7 & < 18.7;  Unsuitable: >= 18.7 & < 60,Suitable: >= 0 & < 14.3;  Marginal: >= 14.3 & < 28.7;  Unsuitable: >= 28.7 & < 86.1,Suitable: >= 0 & < 6.7;  Marginal: >= 6.7 & < 15.3;  Unsuitable: >= 15.3 & < 42.6,Suitable: >= 0 & < 40.3;  Marginal: >= 40.3 & < 55.9;  Unsuitable: >= 55.9 & < 74.7,Suitable: >= 0 & < 9.1;  Marginal: >= 9.1 & < 13.2;  Unsuitable: >= 13.2 & < 38.7,Suitable: >= 0 & < 36.7;  Marginal: >= 36.7 & < 46.5;  Unsuitable: >= 46.5 & < 84,Suitable: >= 0 & < 20.3;  Marginal: >= 20.3 & < 28.8;  Unsuitable: >= 28.8 & < 51.5,Suitable: >= 0 & < 12.7;  Marginal: >= 12.7 & < 19.3;  Unsuitable: >= 19.3 & < 62,Suitable: >= 0 & < 46.7;  Marginal: >= 46.7 & < 64.3;  Unsuitable: >= 64.3 & < 96,Suitable: >= 0 & < 42.7;  Marginal: >= 42.7 & < 65.7;  Unsuitable: >= 65.7 & < 95.3,Suitable: >= 0 & < 30.7;  Marginal: >= 30.7 & < 46.4;  Unsuitable: >= 46.4 & < 62,Not enough data to calculate indicator.
Foliar cover (%),TotalFoliarCover,LHA Standard 1: and plant foliar cover is adequate to protect soils.,Suitable: >= 35.3 & < 60.7;  Marginal: >= 60.7 & < 98;  Unsuitable: >= 0 & < 35.3,Suitable: >= 38.7 & < 68;  Marginal: >= 68 & < 100;  Unsuitable: >= 4 & < 38.7,Suitable: >= 48.5 & < 75.3;  Marginal: >= 75.3 & < 100;  Unsuitable: >= 16.8 & < 48.5,Suitable: >= 36.7 & < 60.3;  Marginal: >= 60.3 & < 100;  Unsuitable: >= 5.3 & < 36.7,Suitable: >= 28 & < 49.3;  Marginal: >= 49.3 & < 94;  Unsuitable: >= 2 & < 28,Suitable: >= 21.3 & < 42;  Marginal: >= 42 & < 99.3;  Unsuitable: >= 0 & < 21.3,Suitable: >= 18 & < 33.7;  Marginal: >= 33.7 & < 87.1;  Unsuitable: >= 0 & < 18,Suitable: >= 19.3 & < 41.7;  Marginal: >= 41.7 & < 78.1;  Unsuitable: >= 0 & < 19.3,Suitable: >= 26.7 & < 50.5;  Marginal: >= 50.5 & < 90;  Unsuitable: >= 2 & < 26.7,Suitable: >= 54.2 & < 83.5;  Marginal: >= 83.5 & < 100;  Unsuitable: >= 12.9 & < 54.2,Suitable: >= 47 & < 75;  Marginal: >= 75 & < 99.3;  Unsuitable: >= 4.7 & < 47,Suitable: >= 13.7 & < 35.6;  Marginal: >= 35.6 & < 91.3;  Unsuitable: >= 0 & < 13.7,Suitable: >= 15.8 & < 29.9;  Marginal: >= 29.9 & < 93.3;  Unsuitable: >= 0 & < 15.8,Suitable: >= 19.4 & < 38.7;  Marginal: >= 38.7 & < 75.2;  Unsuitable: >= 3.3 & < 19.4,Suitable: >= 56 & < 80.7;  Marginal: >= 80.7 & < 98.7;  Unsuitable: >= 7.3 & < 56,Suitable: >= 72.7 & < 88;  Marginal: >= 88 & < 98;  Unsuitable: >= 43.3 & < 72.7,Suitable: >= 19.8 & < 38.7;  Marginal: >= 38.7 & < 84.7;  Unsuitable: >= 0 & < 19.8,Suitable: >= 28.7 & < 48.5;  Marginal: >= 48.5 & < 80.7;  Unsuitable: >= 9.3 & < 28.7,Suitable: >= 19.8 & < 46.7;  Marginal: >= 46.7 & < 86;  Unsuitable: >= 1.3 & < 19.8,Suitable: >= 15.3 & < 34.7;  Marginal: >= 34.7 & < 76;  Unsuitable: >= 2 & < 15.3,Suitable: >= 33.2 & < 61.4;  Marginal: >= 61.4 & < 97;  Unsuitable: >= 2 & < 33.2,Suitable: >= 44.6 & < 60.7;  Marginal: >= 60.7 & < 94.7;  Unsuitable: >= 20 & < 44.6,Suitable: >= 35.3 & < 58.4;  Marginal: >= 58.4 & < 92;  Unsuitable: >= 10.7 & < 35.3,Suitable: >= 44.8 & < 80;  Marginal: >= 80 & < 97;  Unsuitable: >= 4 & < 44.8,Suitable: >= 49.8 & < 86;  Marginal: >= 86 & < 99.3;  Unsuitable: >= 26.7 & < 49.8,Suitable: >= 24.2 & < 41.3;  Marginal: >= 41.3 & < 79.2;  Unsuitable: >= 10 & < 24.2,Suitable: >= 62.4 & < 87.8;  Marginal: >= 87.8 & < 94.7;  Unsuitable: >= 38.7 & < 62.4,Suitable: >= 42.6 & < 58;  Marginal: >= 58 & < 98;  Unsuitable: >= 10.7 & < 42.6,Suitable: >= 22 & < 45.8;  Marginal: >= 45.8 & < 60;  Unsuitable: >= 1 & < 22,Suitable: >= 59.3 & < 91.1;  Marginal: >= 91.1 & < 98;  Unsuitable: >= 32.7 & < 59.3,Suitable: >= 21.2 & < 48.5;  Marginal: >= 48.5 & < 98.7;  Unsuitable: >= 0.7 & < 21.2,Suitable: >= 4.5 & < 26.7;  Marginal: >= 26.7 & < 38.7;  Unsuitable: >= 0.7 & < 4.5,Suitable: >= 28 & < 48.3;  Marginal: >= 48.3 & < 55.3;  Unsuitable: >= 16 & < 28,Not enough data to calculate indicator.
Proportion of canopy gaps (%) > 25 cm,GapCover_25_plus,LHA Standard 1: are canopy and ground cover adequate.,Suitable: >= 0 & < 51.5;  Marginal: >= 51.5 & < 65.7;  Unsuitable: >= 65.7 & < 191.1,Suitable: >= 0 & < 43;  Marginal: >= 43 & < 63;  Unsuitable: >= 63 & < 97,Suitable: >= 0 & < 25.2;  Marginal: >= 25.2 & < 39.7;  Unsuitable: >= 39.7 & < 82.1,Suitable: >= 0 & < 47.6;  Marginal: >= 47.6 & < 61.6;  Unsuitable: >= 61.6 & < 95.5,Suitable: >= 0 & < 61.4;  Marginal: >= 61.4 & < 72.7;  Unsuitable: >= 72.7 & < 96.5,Suitable: >= 0 & < 66.2;  Marginal: >= 66.2 & < 78.4;  Unsuitable: >= 78.4 & < 100,Suitable: >= 0 & < 74.3;  Marginal: >= 74.3 & < 82.8;  Unsuitable: >= 82.8 & < 100.9,Suitable: >= 6.2 & < 67.6;  Marginal: >= 67.6 & < 81.7;  Unsuitable: >= 81.7 & < 101.7,Suitable: >= 0 & < 57.4;  Marginal: >= 57.4 & < 72.1;  Unsuitable: >= 72.1 & < 98.3,Suitable: >= 0 & < 21.9;  Marginal: >= 21.9 & < 37.2;  Unsuitable: >= 37.2 & < 85,Suitable: >= 0 & < 27.6;  Marginal: >= 27.6 & < 46.1;  Unsuitable: >= 46.1 & < 94.5,Suitable: >= 5.3 & < 69.5;  Marginal: >= 69.5 & < 84.6;  Unsuitable: >= 84.6 & < 100,Suitable: >= 1.8 & < 76.7;  Marginal: >= 76.7 & < 84.1;  Unsuitable: >= 84.1 & < 100,Suitable: >= 0 & < 68.7;  Marginal: >= 68.7 & < 79.5;  Unsuitable: >= 79.5 & < 97.9,Suitable: >= 0 & < 23.3;  Marginal: >= 23.3 & < 44.4;  Unsuitable: >= 44.4 & < 91,Suitable: >= 0 & < 6.6;  Marginal: >= 6.6 & < 15.4;  Unsuitable: >= 15.4 & < 71.3,Suitable: >= 0 & < 69.7;  Marginal: >= 69.7 & < 79.8;  Unsuitable: >= 79.8 & < 100,Suitable: >= 3.9 & < 58.5;  Marginal: >= 58.5 & < 71.7;  Unsuitable: >= 71.7 & < 91.7,Suitable: >= 1.9 & < 67.7;  Marginal: >= 67.7 & < 79.1;  Unsuitable: >= 79.1 & < 99.5,Suitable: >= 14.9 & < 74.9;  Marginal: >= 74.9 & < 84.2;  Unsuitable: >= 84.2 & < 100,Suitable: >= 0 & < 48.1;  Marginal: >= 48.1 & < 66.9;  Unsuitable: >= 66.9 & < 97.4,Suitable: >= 1.2 & < 34.6;  Marginal: >= 34.6 & < 43.9;  Unsuitable: >= 43.9 & < 78.9,Suitable: >= 0 & < 53.3;  Marginal: >= 53.3 & < 64.3;  Unsuitable: >= 64.3 & < 96.5,Suitable: >= 0 & < 27.8;  Marginal: >= 27.8 & < 54.5;  Unsuitable: >= 54.5 & < 81.5,Suitable: >= 0.4 & < 16.8;  Marginal: >= 16.8 & < 41.4;  Unsuitable: >= 41.4 & < 61.9,Suitable: >= 0 & < 61.1;  Marginal: >= 61.1 & < 74.2;  Unsuitable: >= 74.2 & < 90.6,Suitable: >= 0.4 & < 12.4;  Marginal: >= 12.4 & < 29.4;  Unsuitable: >= 29.4 & < 42.5,Suitable: >= 0.6 & < 37.1;  Marginal: >= 37.1 & < 44.6;  Unsuitable: >= 44.6 & < 87.2,Suitable: >= 8.9 & < 59;  Marginal: >= 59 & < 78.1;  Unsuitable: >= 78.1 & < 95,Suitable: >= 0 & < 5.4;  Marginal: >= 5.4 & < 16.8;  Unsuitable: >= 16.8 & < 72.8,Suitable: >= 1.5 & < 78.8;  Marginal: >= 78.8 & < 85.4;  Unsuitable: >= 85.4 & < 99.5,Suitable: >= 30.8 & < 85.9;  Marginal: >= 85.9 & < 86.6;  Unsuitable: >= 86.6 & < 99.3,Suitable: >= 35.4 & < 74.2;  Marginal: >= 74.2 & < 79.1;  Unsuitable: >= 79.1 & < 93.7,Not enough data to calculate indicator.
Proportion of canopy gaps (%) 101 cm to 200 cm,GapCover_101_200,LHA Standard 1:  are canopy and ground cover adequate.,Suitable: >= 0 & < 11.9;  Marginal: >= 11.9 & < 17.5;  Unsuitable: >= 17.5 & < 54,Suitable: >= 0 & < 10.9;  Marginal: >= 10.9 & < 18.2;  Unsuitable: >= 18.2 & < 45.9,Suitable: >= 0 & < 6.9;  Marginal: >= 6.9 & < 13.1;  Unsuitable: >= 13.1 & < 39.8,Suitable: >= 0 & < 11.8;  Marginal: >= 11.8 & < 18.3;  Unsuitable: >= 18.3 & < 42.6,Suitable: >= 0 & < 11.9;  Marginal: >= 11.9 & < 17.7;  Unsuitable: >= 17.7 & < 47.7,Suitable: >= 0 & < 15.4;  Marginal: >= 15.4 & < 20.7;  Unsuitable: >= 20.7 & < 44.8,Suitable: >= 0 & < 15.2;  Marginal: >= 15.2 & < 21.5;  Unsuitable: >= 21.5 & < 42.2,Suitable: >= 0 & < 16.4;  Marginal: >= 16.4 & < 22.4;  Unsuitable: >= 22.4 & < 43.9,Suitable: >= 0 & < 14.8;  Marginal: >= 14.8 & < 21.8;  Unsuitable: >= 21.8 & < 36.6,Suitable: >= 0 & < 6.9;  Marginal: >= 6.9 & < 12;  Unsuitable: >= 12 & < 32.3,Suitable: >= 0 & < 7.3;  Marginal: >= 7.3 & < 14;  Unsuitable: >= 14 & < 28.6,Suitable: >= 0 & < 16.2;  Marginal: >= 16.2 & < 21.9;  Unsuitable: >= 21.9 & < 37.2,Suitable: >= 0 & < 14.6;  Marginal: >= 14.6 & < 20.1;  Unsuitable: >= 20.1 & < 40.9,Suitable: >= 0 & < 17.6;  Marginal: >= 17.6 & < 24.4;  Unsuitable: >= 24.4 & < 36.3,Suitable: >= 0 & < 7.2;  Marginal: >= 7.2 & < 14.8;  Unsuitable: >= 14.8 & < 32.3,Suitable: >= 0 & < 3.8;  Marginal: >= 3.8 & < 8.4;  Unsuitable: >= 8.4 & < 19.9,Suitable: >= 0 & < 14;  Marginal: >= 14 & < 20.8;  Unsuitable: >= 20.8 & < 36.7,Suitable: >= 0 & < 14.9;  Marginal: >= 14.9 & < 22.1;  Unsuitable: >= 22.1 & < 45,Suitable: >= 0 & < 16.7;  Marginal: >= 16.7 & < 22.2;  Unsuitable: >= 22.2 & < 32.4,Suitable: >= 0 & < 14.8;  Marginal: >= 14.8 & < 18.9;  Unsuitable: >= 18.9 & < 33,Suitable: >= 0 & < 12.6;  Marginal: >= 12.6 & < 17.9;  Unsuitable: >= 17.9 & < 37.5,Suitable: >= 0 & < 7.5;  Marginal: >= 7.5 & < 11.7;  Unsuitable: >= 11.7 & < 29.1,Suitable: >= 0 & < 11;  Marginal: >= 11 & < 15.3;  Unsuitable: >= 15.3 & < 29.2,Suitable: >= 0 & < 8.2;  Marginal: >= 8.2 & < 13.8;  Unsuitable: >= 13.8 & < 34.3,Suitable: >= 0 & < 6.1;  Marginal: >= 6.1 & < 10.5;  Unsuitable: >= 10.5 & < 24.4,Suitable: >= 0 & < 16.4;  Marginal: >= 16.4 & < 19.9;  Unsuitable: >= 19.9 & < 37.8,Suitable: >= 0 & < 3.7;  Marginal: >= 3.7 & < 7;  Unsuitable: >= 7 & < 19.3,Suitable: >= 0 & < 9.4;  Marginal: >= 9.4 & < 14.2;  Unsuitable: >= 14.2 & < 21.6,Suitable: >= 0 & < 18.3;  Marginal: >= 18.3 & < 21.6;  Unsuitable: >= 21.6 & < 31.4,Suitable: >= 0 & < 10.3;  Marginal: >= 10.3 & < 20.6;  Unsuitable: >= 20.6 & < 26.2,Suitable: >= 0 & < 10.3;  Marginal: >= 10.3 & < 16.1;  Unsuitable: >= 16.1 & < 34.4,Suitable: >= 0 & < 16.6;  Marginal: >= 16.6 & < 18.7;  Unsuitable: >= 18.7 & < 33.9,Suitable: >= 0 & < 15.8;  Marginal: >= 15.8 & < 25;  Unsuitable: >= 25 & < 29.8,Not enough data to calculate indicator.
Proportion of anopy gaps (%) > 200cm,GapCover_200_plus,LHA Standard 1: are canopy and ground cover adequate.,Suitable: >= 0 & < 24;  Marginal: >= 24 & < 41;  Unsuitable: >= 41 & < 92.9,Suitable: >= 0 & < 14.7;  Marginal: >= 14.7 & < 32.4;  Unsuitable: >= 32.4 & < 93.9,Suitable: >= 0 & < 5.9;  Marginal: >= 5.9 & < 10.8;  Unsuitable: >= 10.8 & < 59.9,Suitable: >= 0 & < 13.6;  Marginal: >= 13.6 & < 28.8;  Unsuitable: >= 28.8 & < 87.5,Suitable: >= 0 & < 35.3;  Marginal: >= 35.3 & < 53;  Unsuitable: >= 53 & < 92.1,Suitable: >= 0 & < 32.2;  Marginal: >= 32.2 & < 54.4;  Unsuitable: >= 54.4 & < 100,Suitable: >= 0 & < 42.5;  Marginal: >= 42.5 & < 60.6;  Unsuitable: >= 60.6 & < 100,Suitable: >= 0 & < 26.2;  Marginal: >= 26.2 & < 48.3;  Unsuitable: >= 48.3 & < 100,Suitable: >= 0 & < 15.9;  Marginal: >= 15.9 & < 33.6;  Unsuitable: >= 33.6 & < 95.7,Suitable: >= 0 & < 8.2;  Marginal: >= 8.2 & < 15.2;  Unsuitable: >= 15.2 & < 44.1,Suitable: >= 0 & < 7.8;  Marginal: >= 7.8 & < 19.6;  Unsuitable: >= 19.6 & < 78.6,Suitable: >= 0 & < 29.7;  Marginal: >= 29.7 & < 53.9;  Unsuitable: >= 53.9 & < 100,Suitable: >= 0 & < 50.9;  Marginal: >= 50.9 & < 66.1;  Unsuitable: >= 66.1 & < 100,Suitable: >= 0 & < 23.3;  Marginal: >= 23.3 & < 41.9;  Unsuitable: >= 41.9 & < 96.8,Suitable: >= 0 & < 10.2;  Marginal: >= 10.2 & < 16.1;  Unsuitable: >= 16.1 & < 58,Suitable: >= 0 & < 3.4;  Marginal: >= 3.4 & < 16;  Unsuitable: >= 16 & < 43.1,Suitable: >= 0 & < 37.3;  Marginal: >= 37.3 & < 51.2;  Unsuitable: >= 51.2 & < 100,Suitable: >= 0 & < 15;  Marginal: >= 15 & < 35.9;  Unsuitable: >= 35.9 & < 67.7,Suitable: >= 0 & < 25.6;  Marginal: >= 25.6 & < 44.6;  Unsuitable: >= 44.6 & < 98,Suitable: >= 0 & < 46.9;  Marginal: >= 46.9 & < 59.8;  Unsuitable: >= 59.8 & < 100,Suitable: >= 0 & < 13.8;  Marginal: >= 13.8 & < 30.2;  Unsuitable: >= 30.2 & < 91.2,Suitable: >= 0 & < 4.6;  Marginal: >= 4.6 & < 19.1;  Unsuitable: >= 19.1 & < 72.9,Suitable: >= 0 & < 26.1;  Marginal: >= 26.1 & < 40.4;  Unsuitable: >= 40.4 & < 88.5,Suitable: >= 0 & < 14.4;  Marginal: >= 14.4 & < 25.1;  Unsuitable: >= 25.1 & < 54.4,Suitable: >= 0 & < 9.3;  Marginal: >= 9.3 & < 12.1;  Unsuitable: >= 12.1 & < 35.8,Suitable: >= 0 & < 18.4;  Marginal: >= 18.4 & < 38.3;  Unsuitable: >= 38.3 & < 79,Suitable: >= 0 & < 5.1;  Marginal: >= 5.1 & < 10;  Unsuitable: >= 10 & < 16.9,Suitable: >= 0 & < 6.3;  Marginal: >= 6.3 & < 7.8;  Unsuitable: >= 7.8 & < 44.7,Suitable: >= 0 & < 28.7;  Marginal: >= 28.7 & < 40.3;  Unsuitable: >= 40.3 & < 87.9,Suitable: >= 0 & < 25.5;  Marginal: >= 25.5 & < 26.4;  Unsuitable: >= 26.4 & < 27.4,Suitable: >= 0 & < 31.8;  Marginal: >= 31.8 & < 59.9;  Unsuitable: >= 59.9 & < 99.5,Suitable: >= 0 & < 57.3;  Marginal: >= 57.3 & < 78.1;  Unsuitable: >= 78.1 & < 95.2,Suitable: >= 0 & < 32.3;  Marginal: >= 32.3 & < 48.1;  Unsuitable: >= 48.1 & < 81.2,Not enough data to calculate indicator.
Between Canopy Herbaceous and Woody Litter Cover (%),FH_WoodyAndHerbLitterCover,LHA Standard 1: Is litter accumulating in place and not sorted by normal overland water flow?,Suitable: >= 9.3 & < 22;  Marginal: >= 22 & < 66;  Unsuitable: >= 0 & < 9.3,Suitable: >= 9.3 & < 21.8;  Marginal: >= 21.8 & < 84.7;  Unsuitable: >= 0 & < 9.3,Suitable: >= 6.9 & < 17.8;  Marginal: >= 17.8 & < 56;  Unsuitable: >= 0 & < 6.9,Suitable: >= 12 & < 26.7;  Marginal: >= 26.7 & < 80.7;  Unsuitable: >= 0 & < 12,Suitable: >= 8.7 & < 18.7;  Marginal: >= 18.7 & < 56;  Unsuitable: >= 1 & < 8.7,Suitable: >= 7.3 & < 18.2;  Marginal: >= 18.2 & < 66;  Unsuitable: >= 0 & < 7.3,Suitable: >= 5 & < 15.3;  Marginal: >= 15.3 & < 49.3;  Unsuitable: >= 0 & < 5,Suitable: >= 5.3 & < 15.8;  Marginal: >= 15.8 & < 57.3;  Unsuitable: >= 0 & < 5.3,Suitable: >= 6.9 & < 17.3;  Marginal: >= 17.3 & < 54;  Unsuitable: >= 0 & < 6.9,Suitable: >= 5.3 & < 15.9;  Marginal: >= 15.9 & < 58;  Unsuitable: >= 0 & < 5.3,Suitable: >= 7.3 & < 16.7;  Marginal: >= 16.7 & < 76;  Unsuitable: >= 0 & < 7.3,Suitable: >= 4 & < 12;  Marginal: >= 12 & < 36.7;  Unsuitable: >= 0 & < 4,Suitable: >= 5 & < 13.2;  Marginal: >= 13.2 & < 31.3;  Unsuitable: >= 0 & < 5,Suitable: >= 3 & < 14.7;  Marginal: >= 14.7 & < 28;  Unsuitable: >= 0 & < 3,Suitable: >= 8.7 & < 21.4;  Marginal: >= 21.4 & < 47.3;  Unsuitable: >= 0 & < 8.7,Suitable: >= 6 & < 15.8;  Marginal: >= 15.8 & < 50;  Unsuitable: >= 0.7 & < 6,Suitable: >= 4 & < 10.9;  Marginal: >= 10.9 & < 30;  Unsuitable: >= 0 & < 4,Suitable: >= 11.9 & < 23.8;  Marginal: >= 23.8 & < 50;  Unsuitable: >= 2 & < 11.9,Suitable: >= 6.7 & < 18;  Marginal: >= 18 & < 38.6;  Unsuitable: >= 0 & < 6.7,Suitable: >= 4.7 & < 15.8;  Marginal: >= 15.8 & < 32.7;  Unsuitable: >= 0 & < 4.7,Suitable: >= 5.8 & < 16.2;  Marginal: >= 16.2 & < 47.5;  Unsuitable: >= 0 & < 5.8,Suitable: >= 6.7 & < 17.3;  Marginal: >= 17.3 & < 39.3;  Unsuitable: >= 0 & < 6.7,Suitable: >= 7.3 & < 20;  Marginal: >= 20 & < 41.3;  Unsuitable: >= 1.3 & < 7.3,Suitable: >= 7.5 & < 20.8;  Marginal: >= 20.8 & < 41.3;  Unsuitable: >= 0 & < 7.5,Suitable: >= 6 & < 14.7;  Marginal: >= 14.7 & < 25.3;  Unsuitable: >= 0 & < 6,Suitable: >= 4 & < 14.7;  Marginal: >= 14.7 & < 32;  Unsuitable: >= 1.3 & < 4,Suitable: >= 8.2 & < 22.4;  Marginal: >= 22.4 & < 38.7;  Unsuitable: >= 5.3 & < 8.2,Suitable: >= 4 & < 11.9;  Marginal: >= 11.9 & < 26.7;  Unsuitable: >= 0.7 & < 4,Suitable: >= 4.3 & < 13.6;  Marginal: >= 13.6 & < 28.7;  Unsuitable: >= 2 & < 4.3,Suitable: >= 4 & < 12;  Marginal: >= 12 & < 27.3;  Unsuitable: >= 0 & < 4,Suitable: >= 3.8 & < 12.3;  Marginal: >= 12.3 & < 40.7;  Unsuitable: >= 0 & < 3.8,Suitable: >= 3.7 & < 9.3;  Marginal: >= 9.3 & < 25.3;  Unsuitable: >= 0 & < 3.7,Suitable: >= 10 & < 22.5;  Marginal: >= 22.5 & < 26;  Unsuitable: >= 5.3 & < 10,Not enough data to calculate indicator.
Non-invasive Perennial Forb Cover (%),AH_NonNoxPerenForbCover,LHA Standard 3: Are native plant communities spatially distributed across the landscape with a composition and frequency of species suitable to ensure reproductive capability and sustainability?,Suitable: >= 3 & < 42;  Marginal: >= 1.3 & < 3;  Unsuitable: >= 0 & < 1.3,Suitable: >= 3.3 & < 70.7;  Marginal: >= 1.3 & < 3.3;  Unsuitable: >= 0 & < 1.3,Suitable: >= 6.7 & < 86;  Marginal: >= 3 & < 6.7;  Unsuitable: >= 0 & < 3,Suitable: >= 2.7 & < 33.3;  Marginal: >= 1.3 & < 2.7;  Unsuitable: >= 0 & < 1.3,Suitable: >= 2 & < 25.3;  Marginal: >= 1.3 & < 2;  Unsuitable: >= 0 & < 1.3,Suitable: >= 2 & < 31;  Marginal: >= 1 & < 2;  Unsuitable: >= 0 & < 1,Suitable: >= 2 & < 15.8;  Marginal: >= 0.7 & < 2;  Unsuitable: >= 0 & < 0.7,Suitable: >= 1.3 & < 12.9;  Marginal: >= 1 & < 1.3;  Unsuitable: >= 0 & < 1,Suitable: >= 2 & < 29.3;  Marginal: >= 1 & < 2;  Unsuitable: >= 0 & < 1,Suitable: >= 9.3 & < 89.3;  Marginal: >= 4 & < 9.3;  Unsuitable: >= 0 & < 4,Suitable: >= 8.7 & < 66.7;  Marginal: >= 4 & < 8.7;  Unsuitable: >= 0 & < 4,Suitable: >= 2 & < 28;  Marginal: >= 1 & < 2;  Unsuitable: >= 0 & < 1,Suitable: >= 1.3 & < 24.7;  Marginal: >= 0.8 & < 1.3;  Unsuitable: >= 0 & < 0.8,Suitable: >= 2 & < 26;  Marginal: >= 1 & < 2;  Unsuitable: >= 0 & < 1,Suitable: >= 6.9 & < 46.7;  Marginal: >= 3 & < 6.9;  Unsuitable: >= 0 & < 3,Suitable: >= 20.8 & < 64.7;  Marginal: >= 12.8 & < 20.8;  Unsuitable: >= 0 & < 12.8,Suitable: >= 2.8 & < 18.8;  Marginal: >= 1.8 & < 2.8;  Unsuitable: >= 0 & < 1.8,Suitable: >= 1.3 & < 31.3;  Marginal: >= 1 & < 1.3;  Unsuitable: >= 0 & < 1,Suitable: >= 2 & < 15.3;  Marginal: >= 0.7 & < 2;  Unsuitable: >= 0 & < 0.7,Suitable: >= 2 & < 32.7;  Marginal: >= 1 & < 2;  Unsuitable: >= 0 & < 1,Suitable: >= 2 & < 10.9;  Marginal: >= 1.3 & < 2;  Unsuitable: >= 0 & < 1.3,Suitable: >= 7.9 & < 46.7;  Marginal: >= 4 & < 7.9;  Unsuitable: >= 0 & < 4,Suitable: >= 2.7 & < 32.7;  Marginal: >= 2 & < 2.7;  Unsuitable: >= 0 & < 2,Suitable: >= 2.8 & < 26.7;  Marginal: >= 1.3 & < 2.8;  Unsuitable: >= 0 & < 1.3,Suitable: >= 7.9 & < 65.3;  Marginal: >= 4.7 & < 7.9;  Unsuitable: >= 0 & < 4.7,Suitable: >= 5 & < 22.7;  Marginal: >= 2 & < 5;  Unsuitable: >= 0 & < 2,Suitable: >= 2.7 & < 40.6;  Marginal: >= 1.3 & < 2.7;  Unsuitable: >= 0 & < 1.3,Suitable: >= 2.7 & < 7.9;  Marginal: >= 1.5 & < 2.7;  Unsuitable: >= 0 & < 1.5,Suitable: >= 3.3 & < 13.7;  Marginal: >= 1.5 & < 3.3;  Unsuitable: >= 0 & < 1.5,Suitable: >= 19.7 & < 49.3;  Marginal: >= 9 & < 19.7;  Unsuitable: >= 0 & < 9,Suitable: >= 4 & < 52.5;  Marginal: >= 2.2 & < 4;  Unsuitable: >= 0 & < 2.2,Suitable: >= 1.3 & < 6;  Marginal: >= 1.2 & < 1.3;  Unsuitable: >= 0 & < 1.2,Suitable: >= 2.7 & < 4.7;  Marginal: >= 1.7 & < 2.7;  Unsuitable: >= 0 & < 1.7,Not enough data to calculate indicator.
Perennial Forb Height (cm),Hgt_PerenForb_Avg,NA,Suitable: >= 14 & < 86.3;  Marginal: >= 8.7 & < 14;  Unsuitable: >= 0 & < 8.7,Suitable: >= 17 & < 93;  Marginal: >= 9.6 & < 17;  Unsuitable: >= 1 & < 9.6,Suitable: >= 18.2 & < 91.4;  Marginal: >= 8.9 & < 18.2;  Unsuitable: >= 1 & < 8.9,Suitable: >= 13.8 & < 86;  Marginal: >= 8.8 & < 13.8;  Unsuitable: >= 1 & < 8.8,Suitable: >= 13 & < 109.5;  Marginal: >= 7.6 & < 13;  Unsuitable: >= 1 & < 7.6,Suitable: >= 16.8 & < 70;  Marginal: >= 9.4 & < 16.8;  Unsuitable: >= 1 & < 9.4,Suitable: >= 13 & < 111.8;  Marginal: >= 7.7 & < 13;  Unsuitable: >= 0 & < 7.7,Suitable: >= 10.2 & < 52.5;  Marginal: >= 5.9 & < 10.2;  Unsuitable: >= 0 & < 5.9,Suitable: >= 10.8 & < 53;  Marginal: >= 6 & < 10.8;  Unsuitable: >= 1 & < 6,Suitable: >= 19.5 & < 105.8;  Marginal: >= 9.9 & < 19.5;  Unsuitable: >= 2.4 & < 9.9,Suitable: >= 15.7 & < 76.2;  Marginal: >= 9.1 & < 15.7;  Unsuitable: >= 1.3 & < 9.1,Suitable: >= 12.3 & < 56;  Marginal: >= 7.6 & < 12.3;  Unsuitable: >= 2 & < 7.6,Suitable: >= 15 & < 91.4;  Marginal: >= 7.9 & < 15;  Unsuitable: >= 1 & < 7.9,Suitable: >= 8.4 & < 45.7;  Marginal: >= 6 & < 8.4;  Unsuitable: >= 1 & < 6,Suitable: >= 18.5 & < 100;  Marginal: >= 12.8 & < 18.5;  Unsuitable: >= 3 & < 12.8,Suitable: >= 25.5 & < 69;  Marginal: >= 18.1 & < 25.5;  Unsuitable: >= 0 & < 18.1,Suitable: >= 9.4 & < 46;  Marginal: >= 5.7 & < 9.4;  Unsuitable: >= 1.3 & < 5.7,Suitable: >= 12 & < 41.9;  Marginal: >= 6.6 & < 12;  Unsuitable: >= 2 & < 6.6,Suitable: >= 16.5 & < 67;  Marginal: >= 6.4 & < 16.5;  Unsuitable: >= 1 & < 6.4,Suitable: >= 14.5 & < 88.9;  Marginal: >= 5.1 & < 14.5;  Unsuitable: >= 1 & < 5.1,Suitable: >= 9 & < 88.7;  Marginal: >= 5 & < 9;  Unsuitable: >= 2.5 & < 5,Suitable: >= 11.4 & < 50.2;  Marginal: >= 7.6 & < 11.4;  Unsuitable: >= 3 & < 7.6,Suitable: >= 15.4 & < 55;  Marginal: >= 11.9 & < 15.4;  Unsuitable: >= 1 & < 11.9,Suitable: >= 19.8 & < 50.5;  Marginal: >= 11.7 & < 19.8;  Unsuitable: >= 5.1 & < 11.7,Suitable: >= 25.4 & < 71.3;  Marginal: >= 14.6 & < 25.4;  Unsuitable: >= 4.7 & < 14.6,Suitable: >= 7.4 & < 23.8;  Marginal: >= 4.5 & < 7.4;  Unsuitable: >= 2 & < 4.5,Suitable: >= 43 & < 82.8;  Marginal: >= 23.5 & < 43;  Unsuitable: >= 12.7 & < 23.5,Suitable: >= 6.9 & < 43.2;  Marginal: >= 5.3 & < 6.9;  Unsuitable: >= 2.5 & < 5.3,Suitable: >= 19.6 & < 61.2;  Marginal: >= 11.3 & < 19.6;  Unsuitable: >= 6.3 & < 11.3,Suitable: >= 24.6 & < 46.7;  Marginal: >= 11 & < 24.6;  Unsuitable: >= 5 & < 11,Suitable: >= 30.1 & < 50.8;  Marginal: >= 19.5 & < 30.1;  Unsuitable: >= 6 & < 19.5,Suitable: >= 17.6 & < 36;  Marginal: >= 11.1 & < 17.6;  Unsuitable: >= 3 & < 11.1,Suitable: >= 21.2 & < 25.5;  Marginal: >= 17 & < 21.2;  Unsuitable: >= 11.7 & < 17,Not enough data to calculate indicator.
Non-invasive Perennial Grass Cover (%),AH_NonNoxPerenGrassCover,LHA Standard 3: Are native plant communities spatially distributed across the landscape with a composition and frequency of species suitable to ensure reproductive capability and sustainability?,Suitable: >= 6.7 & < 81.2;  Marginal: >= 1.3 & < 6.7;  Unsuitable: >= 0 & < 1.3,Suitable: >= 14.9 & < 94;  Marginal: >= 4.7 & < 14.9;  Unsuitable: >= 0 & < 4.7,Suitable: >= 28.7 & < 92;  Marginal: >= 17.3 & < 28.7;  Unsuitable: >= 0 & < 17.3,Suitable: >= 12.9 & < 66.7;  Marginal: >= 4 & < 12.9;  Unsuitable: >= 0 & < 4,Suitable: >= 4.7 & < 67.3;  Marginal: >= 0.7 & < 4.7;  Unsuitable: >= 0 & < 0.7,Suitable: >= 5.3 & < 62.4;  Marginal: >= 0.9 & < 5.3;  Unsuitable: >= 0 & < 0.9,Suitable: >= 4 & < 84.2;  Marginal: >= 0.7 & < 4;  Unsuitable: >= 0 & < 0.7,Suitable: >= 5.3 & < 63.4;  Marginal: >= 1 & < 5.3;  Unsuitable: >= 0 & < 1,Suitable: >= 13.1 & < 56.7;  Marginal: >= 4.6 & < 13.1;  Unsuitable: >= 0 & < 4.6,Suitable: >= 22.7 & < 80;  Marginal: >= 10 & < 22.7;  Unsuitable: >= 0 & < 10,Suitable: >= 21.3 & < 68.7;  Marginal: >= 12.7 & < 21.3;  Unsuitable: >= 0 & < 12.7,Suitable: >= 3.3 & < 59.3;  Marginal: >= 0 & < 3.3;  Unsuitable: >= 0 & < 0,Suitable: >= 1 & < 37.3;  Marginal: >= 0 & < 1;  Unsuitable: >= 0 & < 0,Suitable: >= 8.3 & < 51.5;  Marginal: >= 3 & < 8.3;  Unsuitable: >= 0 & < 3,Suitable: >= 31 & < 76.2;  Marginal: >= 18.8 & < 31;  Unsuitable: >= 0 & < 18.8,Suitable: >= 42.6 & < 90;  Marginal: >= 32 & < 42.6;  Unsuitable: >= 10.7 & < 32,Suitable: >= 6 & < 80.7;  Marginal: >= 2.7 & < 6;  Unsuitable: >= 0 & < 2.7,Suitable: >= 14.3 & < 58;  Marginal: >= 4.5 & < 14.3;  Unsuitable: >= 0 & < 4.5,Suitable: >= 4 & < 48;  Marginal: >= 0 & < 4;  Unsuitable: >= 0 & < 0,Suitable: >= 2.7 & < 49.5;  Marginal: >= 0 & < 2.7;  Unsuitable: >= 0 & < 0,Suitable: >= 10.3 & < 62.4;  Marginal: >= 2.9 & < 10.3;  Unsuitable: >= 0 & < 2.9,Suitable: >= 23.3 & < 80;  Marginal: >= 14.7 & < 23.3;  Unsuitable: >= 0 & < 14.7,Suitable: >= 8.9 & < 60.7;  Marginal: >= 2 & < 8.9;  Unsuitable: >= 0 & < 2,Suitable: >= 9.3 & < 84.2;  Marginal: >= 2.1 & < 9.3;  Unsuitable: >= 0 & < 2.1,Suitable: >= 21.4 & < 64;  Marginal: >= 8.2 & < 21.4;  Unsuitable: >= 0 & < 8.2,Suitable: >= 13 & < 45.5;  Marginal: >= 5 & < 13;  Unsuitable: >= 0 & < 5,Suitable: >= 13.3 & < 60.7;  Marginal: >= 4 & < 13.3;  Unsuitable: >= 0 & < 4,Suitable: >= 20 & < 74.7;  Marginal: >= 9.9 & < 20;  Unsuitable: >= 1 & < 9.9,Suitable: >= 9.3 & < 38;  Marginal: >= 4 & < 9.3;  Unsuitable: >= 0 & < 4,Suitable: >= 33.3 & < 67.3;  Marginal: >= 21.3 & < 33.3;  Unsuitable: >= 0 & < 21.3,Suitable: >= 3 & < 22.7;  Marginal: >= 0 & < 3;  Unsuitable: >= 0 & < 0,Suitable: >= 3.3 & < 23.3;  Marginal: >= 0 & < 3.3;  Unsuitable: >= 0 & < 0,Suitable: >= 8 & < 16;  Marginal: >= 2.2 & < 8;  Unsuitable: >= 0 & < 2.2,Not enough data to calculate indicator.
Non-invasive Perennial Grass Height (cm),Hgt_NonNoxPerenGrass_Avg,LHA Standard 3: Are native plant communities spatially distributed across the landscape with a composition and frequency of species suitable to ensure reproductive capability and sustainability?,Suitable: >= 23.8 & < 127;  Marginal: >= 17.5 & < 23.8;  Unsuitable: >= 1 & < 17.5,Suitable: >= 27 & < 103.8;  Marginal: >= 20.4 & < 27;  Unsuitable: >= 1 & < 20.4,Suitable: >= 24.8 & < 84;  Marginal: >= 19.5 & < 24.8;  Unsuitable: >= 8.6 & < 19.5,Suitable: >= 23.5 & < 67.2;  Marginal: >= 17.4 & < 23.5;  Unsuitable: >= 3 & < 17.4,Suitable: >= 24.3 & < 76.2;  Marginal: >= 17.5 & < 24.3;  Unsuitable: >= 2.5 & < 17.5,Suitable: >= 22.5 & < 79.1;  Marginal: >= 16.8 & < 22.5;  Unsuitable: >= 2.5 & < 16.8,Suitable: >= 21.6 & < 70.3;  Marginal: >= 16.5 & < 21.6;  Unsuitable: >= 4 & < 16.5,Suitable: >= 21.7 & < 61;  Marginal: >= 14.9 & < 21.7;  Unsuitable: >= 1 & < 14.9,Suitable: >= 21.8 & < 56.1;  Marginal: >= 16.5 & < 21.8;  Unsuitable: >= 5 & < 16.5,Suitable: >= 28.1 & < 112.7;  Marginal: >= 21.5 & < 28.1;  Unsuitable: >= 5.7 & < 21.5,Suitable: >= 25.6 & < 73.8;  Marginal: >= 20.5 & < 25.6;  Unsuitable: >= 9 & < 20.5,Suitable: >= 21.6 & < 67;  Marginal: >= 14.1 & < 21.6;  Unsuitable: >= 5.5 & < 14.1,Suitable: >= 22.1 & < 67;  Marginal: >= 15.4 & < 22.1;  Unsuitable: >= 2.5 & < 15.4,Suitable: >= 20 & < 72.6;  Marginal: >= 13.8 & < 20;  Unsuitable: >= 4.5 & < 13.8,Suitable: >= 30 & < 59.5;  Marginal: >= 24.8 & < 30;  Unsuitable: >= 9.9 & < 24.8,Suitable: >= 31.8 & < 67.2;  Marginal: >= 25.3 & < 31.8;  Unsuitable: >= 15.3 & < 25.3,Suitable: >= 21.2 & < 57.4;  Marginal: >= 17.2 & < 21.2;  Unsuitable: >= 7.1 & < 17.2,Suitable: >= 21.6 & < 73.1;  Marginal: >= 15.4 & < 21.6;  Unsuitable: >= 5.1 & < 15.4,Suitable: >= 23.7 & < 49.4;  Marginal: >= 19.1 & < 23.7;  Unsuitable: >= 2 & < 19.1,Suitable: >= 21 & < 76.2;  Marginal: >= 14.7 & < 21;  Unsuitable: >= 5.4 & < 14.7,Suitable: >= 21.6 & < 92.8;  Marginal: >= 15.6 & < 21.6;  Unsuitable: >= 7.6 & < 15.6,Suitable: >= 23.4 & < 53;  Marginal: >= 20.3 & < 23.4;  Unsuitable: >= 9.9 & < 20.3,Suitable: >= 25.5 & < 72.1;  Marginal: >= 15.8 & < 25.5;  Unsuitable: >= 6 & < 15.8,Suitable: >= 25.5 & < 59.5;  Marginal: >= 19 & < 25.5;  Unsuitable: >= 7.9 & < 19,Suitable: >= 34.4 & < 87.5;  Marginal: >= 26.9 & < 34.4;  Unsuitable: >= 13.8 & < 26.9,Suitable: >= 19 & < 37.3;  Marginal: >= 14.4 & < 19;  Unsuitable: >= 6.3 & < 14.4,Suitable: >= 32 & < 113.9;  Marginal: >= 20.8 & < 32;  Unsuitable: >= 12.3 & < 20.8,Suitable: >= 20 & < 29.3;  Marginal: >= 14.1 & < 20;  Unsuitable: >= 6.3 & < 14.1,Suitable: >= 25.4 & < 47.5;  Marginal: >= 20.9 & < 25.4;  Unsuitable: >= 14 & < 20.9,Suitable: >= 28.4 & < 57.2;  Marginal: >= 23.7 & < 28.4;  Unsuitable: >= 11 & < 23.7,Suitable: >= 28.8 & < 47.3;  Marginal: >= 15.3 & < 28.8;  Unsuitable: >= 10.5 & < 15.3,Suitable: >= 20 & < 37.6;  Marginal: >= 18.7 & < 20;  Unsuitable: >= 3 & < 18.7,Suitable: >= 28.6 & < 39.4;  Marginal: >= 24.2 & < 28.6;  Unsuitable: >= 18.6 & < 24.2,Not enough data to calculate indicator.
Non-invasive Tree Cover (%),AH_NonNoxTreeCover,LHA Standard 3: Are native plant communities spatially distributed across the landscape with a composition and frequency of species suitable to ensure reproductive capability and sustainability?,Suitable: >= 10.8 & < 36.5;  Marginal: >= 0 & < 10.8;  Unsuitable: >= 36.5 & < 84,Suitable: >= 4 & < 22.7;  Marginal: >= 0 & < 4;  Unsuitable: >= 22.7 & < 77.3,Suitable: >= 3.3 & < 31.7;  Marginal: >= 0 & < 3.3;  Unsuitable: >= 31.7 & < 78.7,Suitable: >= 4.7 & < 31.5;  Marginal: >= 0 & < 4.7;  Unsuitable: >= 31.5 & < 70.7,Suitable: >= 9.3 & < 27.3;  Marginal: >= 0 & < 9.3;  Unsuitable: >= 27.3 & < 76,Suitable: >= 4.7 & < 16.5;  Marginal: >= 0 & < 4.7;  Unsuitable: >= 16.5 & < 37.3,Suitable: >= 4 & < 17.7;  Marginal: >= 0 & < 4;  Unsuitable: >= 17.7 & < 39.3,Suitable: >= 2.5 & < 9.5;  Marginal: >= 0 & < 2.5;  Unsuitable: >= 9.5 & < 23.8,Suitable: >= 2.8 & < 12;  Marginal: >= 0 & < 2.8;  Unsuitable: >= 12 & < 18.8,Suitable: >= 11 & < 53.2;  Marginal: >= 0 & < 11;  Unsuitable: >= 53.2 & < 93.3,Suitable: >= 6 & < 58.7;  Marginal: >= 0 & < 6;  Unsuitable: >= 58.7 & < 88,Suitable: >= 1.7 & < 4;  Marginal: >= 0 & < 1.7;  Unsuitable: >= 4 & < 5.3,Suitable: >= 3.3 & < 14;  Marginal: >= 0 & < 3.3;  Unsuitable: >= 14 & < 39.6,Suitable: >= 4.7 & < 5.3;  Marginal: >= 0 & < 4.7;  Unsuitable: >= 5.3 & < 6,Suitable: >= 2 & < 15.8;  Marginal: >= 0 & < 2;  Unsuitable: >= 15.8 & < 50,Suitable: >= 1.2 & < 19.2;  Marginal: >= 0 & < 1.2;  Unsuitable: >= 19.2 & < 70,Suitable: >= 1.8 & < 7.5;  Marginal: >= 0 & < 1.8;  Unsuitable: >= 7.5 & < 25.3,Suitable: >= 7 & < 28.8;  Marginal: >= 0 & < 7;  Unsuitable: >= 28.8 & < 41.3,Suitable: >= 10.8 & < 14.5;  Marginal: >= 0 & < 10.8;  Unsuitable: >= 14.5 & < 16,Suitable: >= 4 & < 20;  Marginal: >= 0 & < 4;  Unsuitable: >= 20 & < 48.7,Suitable: >= 6.5 & < 20.3;  Marginal: >= 0 & < 6.5;  Unsuitable: >= 20.3 & < 42,Suitable: >= 17.7 & < 49.3;  Marginal: >= 0 & < 17.7;  Unsuitable: >= 49.3 & < 86.7,Suitable: >= 7.5 & < 32.7;  Marginal: >= 0 & < 7.5;  Unsuitable: >= 32.7 & < 57.4,Suitable: >= 7 & < 33.8;  Marginal: >= 0 & < 7;  Unsuitable: >= 33.8 & < 53.3,Suitable: >= 7 & < 48.5;  Marginal: >= 0 & < 7;  Unsuitable: >= 48.5 & < 90,Suitable: >= 4.7 & < 4.7;  Marginal: >= 0 & < 4.7;  Unsuitable: >= 4.7 & < 4.7,Suitable: >= 8.7 & < 23.3;  Marginal: >= 0 & < 8.7;  Unsuitable: >= 23.3 & < 55.3,Not enough data to calculate indicator.,Suitable: >= 3 & < 4.8;  Marginal: >= 0 & < 3;  Unsuitable: >= 4.8 & < 5.3,Suitable: >= 1 & < 1;  Marginal: >= 0 & < 1;  Unsuitable: >= 1 & < 1,Not enough data to calculate indicator.,Suitable: >= 0.7 & < 0.7;  Marginal: >= 0 & < 0.7;  Unsuitable: >= 0.7 & < 0.7,Suitable: >= 10.7 & < 10.7;  Marginal: >= 0 & < 10.7;  Unsuitable: >= 10.7 & < 10.7,Not enough data to calculate indicator.
Non-invasive Shrub (%),AH_NonNoxShrubCover,LHA Standard 3: Are native plant communities spatially distributed across the landscape with a composition and frequency of species suitable to ensure reproductive capability and sustainability?,Suitable: >= 3.3 & < 22;  Marginal: >= 22 & < 88.7;  Unsuitable: >= 0 & < 3.3,Suitable: >= 8.7 & < 32;  Marginal: >= 32 & < 95.3;  Unsuitable: >= 0 & < 8.7,Suitable: >= 21.8 & < 40.7;  Marginal: >= 40.7 & < 98.7;  Unsuitable: >= 0 & < 21.8,Suitable: >= 7.3 & < 26.1;  Marginal: >= 26.1 & < 89.3;  Unsuitable: >= 0 & < 7.3,Suitable: >= 2.7 & < 15.5;  Marginal: >= 15.5 & < 67.3;  Unsuitable: >= 0 & < 2.7,Suitable: >= 3 & < 16.7;  Marginal: >= 16.7 & < 46.7;  Unsuitable: >= 0 & < 3,Suitable: >= 3.3 & < 12;  Marginal: >= 12 & < 37.3;  Unsuitable: >= 0 & < 3.3,Suitable: >= 4.7 & < 20.8;  Marginal: >= 20.8 & < 52.5;  Unsuitable: >= 0 & < 4.7,Suitable: >= 6.9 & < 22.7;  Marginal: >= 22.7 & < 54.5;  Unsuitable: >= 0 & < 6.9,Suitable: >= 15.2 & < 41.4;  Marginal: >= 41.4 & < 99.3;  Unsuitable: >= 0 & < 15.2,Suitable: >= 15.8 & < 38;  Marginal: >= 38 & < 87.3;  Unsuitable: >= 0 & < 15.8,Suitable: >= 4.7 & < 18.5;  Marginal: >= 18.5 & < 52.7;  Unsuitable: >= 0 & < 4.7,Suitable: >= 4 & < 14;  Marginal: >= 14 & < 37.3;  Unsuitable: >= 0 & < 4,Suitable: >= 7.9 & < 19.2;  Marginal: >= 19.2 & < 44;  Unsuitable: >= 1 & < 7.9,Suitable: >= 15 & < 38.7;  Marginal: >= 38.7 & < 71.3;  Unsuitable: >= 0 & < 15,Suitable: >= 28.9 & < 51.4;  Marginal: >= 51.4 & < 68.7;  Unsuitable: >= 0 & < 28.9,Suitable: >= 5.3 & < 18;  Marginal: >= 18 & < 47.3;  Unsuitable: >= 0 & < 5.3,Suitable: >= 2.7 & < 21.8;  Marginal: >= 21.8 & < 39.6;  Unsuitable: >= 0 & < 2.7,Suitable: >= 3.3 & < 20.7;  Marginal: >= 20.7 & < 72.7;  Unsuitable: >= 0 & < 3.3,Suitable: >= 3.3 & < 11.3;  Marginal: >= 11.3 & < 25.7;  Unsuitable: >= 0 & < 3.3,Suitable: >= 6.9 & < 23.5;  Marginal: >= 23.5 & < 63.3;  Unsuitable: >= 0 & < 6.9,Suitable: >= 14.9 & < 31.3;  Marginal: >= 31.3 & < 68;  Unsuitable: >= 0 & < 14.9,Suitable: >= 5.9 & < 24;  Marginal: >= 24 & < 84.7;  Unsuitable: >= 0 & < 5.9,Suitable: >= 9 & < 29.8;  Marginal: >= 29.8 & < 69.3;  Unsuitable: >= 0 & < 9,Suitable: >= 15.8 & < 37.2;  Marginal: >= 37.2 & < 76.7;  Unsuitable: >= 0 & < 15.8,Suitable: >= 9 & < 24.3;  Marginal: >= 24.3 & < 39.3;  Unsuitable: >= 0.7 & < 9,Suitable: >= 24.4 & < 53;  Marginal: >= 53 & < 88.7;  Unsuitable: >= 4.3 & < 24.4,Suitable: >= 12.7 & < 30.7;  Marginal: >= 30.7 & < 51.5;  Unsuitable: >= 4 & < 12.7,Suitable: >= 4.3 & < 12.3;  Marginal: >= 12.3 & < 35.4;  Unsuitable: >= 0 & < 4.3,Suitable: >= 24.8 & < 40;  Marginal: >= 40 & < 59.3;  Unsuitable: >= 0 & < 24.8,Suitable: >= 0.9 & < 14.9;  Marginal: >= 14.9 & < 39.1;  Unsuitable: >= 0 & < 0.9,Suitable: >= 2.8 & < 13;  Marginal: >= 13 & < 17.3;  Unsuitable: >= 0 & < 2.8,Suitable: >= 8.3 & < 20.3;  Marginal: >= 20.3 & < 36;  Unsuitable: >= 2 & < 8.3,Not enough data to calculate indicator.
Invasive Annual Grass Cover (%),AH_NoxAnnGrassCover,LHA Standard 3: Are noxious weeds and undesirable species minimal in the overall plant community?,Suitable: >= 0 & < 1.3;  Marginal: >= 1.3 & < 4;  Unsuitable: >= 4 & < 74,Suitable: >= 0 & < 3.3;  Marginal: >= 3.3 & < 10.3;  Unsuitable: >= 10.3 & < 98.7,Suitable: >= 0 & < 1.3;  Marginal: >= 1.3 & < 4;  Unsuitable: >= 4 & < 45.3,Suitable: >= 0 & < 1.3;  Marginal: >= 1.3 & < 4.1;  Unsuitable: >= 4.1 & < 97.3,Suitable: >= 0 & < 2;  Marginal: >= 2 & < 5.3;  Unsuitable: >= 5.3 & < 85.1,Suitable: >= 0 & < 3.3;  Marginal: >= 3.3 & < 23.3;  Unsuitable: >= 23.3 & < 50,Suitable: >= 0 & < 0.8;  Marginal: >= 0.8 & < 4;  Unsuitable: >= 4 & < 37.6,Suitable: >= 0 & < 1.3;  Marginal: >= 1.3 & < 5.8;  Unsuitable: >= 5.8 & < 44.7,Suitable: >= 0 & < 2.7;  Marginal: >= 2.7 & < 6;  Unsuitable: >= 6 & < 76,Suitable: >= 0 & < 2.3;  Marginal: >= 2.3 & < 5.7;  Unsuitable: >= 5.7 & < 48.7,Suitable: >= 0 & < 1.3;  Marginal: >= 1.3 & < 4.3;  Unsuitable: >= 4.3 & < 51.3,Suitable: >= 0 & < 5;  Marginal: >= 5 & < 8;  Unsuitable: >= 8 & < 19.8,Suitable: >= 0 & < 7.7;  Marginal: >= 7.7 & < 12;  Unsuitable: >= 12 & < 92,Suitable: >= 0 & < 1.1;  Marginal: >= 1.1 & < 5;  Unsuitable: >= 5 & < 38,Suitable: >= 0 & < 3.3;  Marginal: >= 3.3 & < 12.7;  Unsuitable: >= 12.7 & < 66.3,Suitable: >= 0 & < 3.3;  Marginal: >= 3.3 & < 5.3;  Unsuitable: >= 5.3 & < 16.7,Suitable: >= 0 & < 1.5;  Marginal: >= 1.5 & < 3.3;  Unsuitable: >= 3.3 & < 39.3,Suitable: >= 0 & < 10.1;  Marginal: >= 10.1 & < 21.7;  Unsuitable: >= 21.7 & < 66.7,Suitable: >= 0 & < 1.3;  Marginal: >= 1.3 & < 4.7;  Unsuitable: >= 4.7 & < 17.3,Suitable: >= 0 & < 1.7;  Marginal: >= 1.7 & < 3.3;  Unsuitable: >= 3.3 & < 20.8,Suitable: >= 0 & < 2.7;  Marginal: >= 2.7 & < 10.3;  Unsuitable: >= 10.3 & < 69.3,Suitable: >= 0 & < 0.7;  Marginal: >= 0.7 & < 0.8;  Unsuitable: >= 0.8 & < 1,Suitable: >= 0 & < 0.7;  Marginal: >= 0.7 & < 1;  Unsuitable: >= 1 & < 25.7,Suitable: >= 0 & < 6.9;  Marginal: >= 6.9 & < 18.3;  Unsuitable: >= 18.3 & < 74.7,Suitable: >= 0 & < 0.6;  Marginal: >= 0.6 & < 1.7;  Unsuitable: >= 1.7 & < 4,Not enough data to calculate indicator.,Suitable: >= 0 & < 1;  Marginal: >= 1 & < 2;  Unsuitable: >= 2 & < 12,Not enough data to calculate indicator.,Suitable: >= 0 & < 13.9;  Marginal: >= 13.9 & < 17.8;  Unsuitable: >= 17.8 & < 25.7,Not enough data to calculate indicator.,Not enough data to calculate indicator.,Not enough data to calculate indicator.,Suitable: >= 0 & < 2.7;  Marginal: >= 2.7 & < 21.3;  Unsuitable: >= 21.3 & < 26,Not enough data to calculate indicator.
Invasive Plant Cover (%),AH_NoxCover,LHA Standard 3: Are noxious weeds and undesirable species minimal in the overall plant community?,Suitable: >= 0 & < 1.3;  Marginal: >= 1.3 & < 4;  Unsuitable: >= 4 & < 74,Suitable: >= 0 & < 3.3;  Marginal: >= 3.3 & < 10.7;  Unsuitable: >= 10.7 & < 98.7,Suitable: >= 0 & < 1.2;  Marginal: >= 1.2 & < 2.7;  Unsuitable: >= 2.7 & < 45.3,Suitable: >= 0 & < 1.3;  Marginal: >= 1.3 & < 4;  Unsuitable: >= 4 & < 97.3,Suitable: >= 0 & < 2;  Marginal: >= 2 & < 5.3;  Unsuitable: >= 5.3 & < 85.1,Suitable: >= 0 & < 4;  Marginal: >= 4 & < 13.7;  Unsuitable: >= 13.7 & < 50,Suitable: >= 0 & < 1.1;  Marginal: >= 1.1 & < 3;  Unsuitable: >= 3 & < 37.6,Suitable: >= 0 & < 1.5;  Marginal: >= 1.5 & < 3.7;  Unsuitable: >= 3.7 & < 44.7,Suitable: >= 0 & < 2.4;  Marginal: >= 2.4 & < 5.3;  Unsuitable: >= 5.3 & < 78,Suitable: >= 0 & < 1.3;  Marginal: >= 1.3 & < 4.7;  Unsuitable: >= 4.7 & < 48.7,Suitable: >= 0 & < 1.3;  Marginal: >= 1.3 & < 3.3;  Unsuitable: >= 3.3 & < 51.3,Suitable: >= 0 & < 3.8;  Marginal: >= 3.8 & < 7.6;  Unsuitable: >= 7.6 & < 41.3,Suitable: >= 0 & < 2;  Marginal: >= 2 & < 10;  Unsuitable: >= 10 & < 92,Suitable: >= 0 & < 3;  Marginal: >= 3 & < 6;  Unsuitable: >= 6 & < 38,Suitable: >= 0 & < 3.3;  Marginal: >= 3.3 & < 13.3;  Unsuitable: >= 13.3 & < 66.3,Suitable: >= 0 & < 0.7;  Marginal: >= 0.7 & < 2;  Unsuitable: >= 2 & < 16.7,Suitable: >= 0 & < 1.3;  Marginal: >= 1.3 & < 2.7;  Unsuitable: >= 2.7 & < 41.3,Suitable: >= 0 & < 2.7;  Marginal: >= 2.7 & < 11.9;  Unsuitable: >= 11.9 & < 66.7,Suitable: >= 0 & < 2.5;  Marginal: >= 2.5 & < 4.3;  Unsuitable: >= 4.3 & < 20.7,Suitable: >= 0 & < 1;  Marginal: >= 1 & < 2.7;  Unsuitable: >= 2.7 & < 20.8,Suitable: >= 0 & < 2.7;  Marginal: >= 2.7 & < 14.9;  Unsuitable: >= 14.9 & < 69.3,Suitable: >= 0 & < 1.1;  Marginal: >= 1.1 & < 1.2;  Unsuitable: >= 1.2 & < 1.3,Suitable: >= 0 & < 0.7;  Marginal: >= 0.7 & < 2;  Unsuitable: >= 2 & < 25.7,Suitable: >= 0 & < 8.1;  Marginal: >= 8.1 & < 21.7;  Unsuitable: >= 21.7 & < 75.3,Suitable: >= 0 & < 2;  Marginal: >= 2 & < 2.7;  Unsuitable: >= 2.7 & < 4,Not enough data to calculate indicator.,Suitable: >= 0 & < 2.7;  Marginal: >= 2.7 & < 13.3;  Unsuitable: >= 13.3 & < 50.7,Not enough data to calculate indicator.,Suitable: >= 0 & < 5.4;  Marginal: >= 5.4 & < 9.9;  Unsuitable: >= 9.9 & < 25.7,Suitable: >= 0 & < 0.7;  Marginal: >= 0.7 & < 0.8;  Unsuitable: >= 0.8 & < 1,Not enough data to calculate indicator.,Not enough data to calculate indicator.,Suitable: >= 0 & < 2.7;  Marginal: >= 2.7 & < 21.3;  Unsuitable: >= 21.3 & < 26.7,Not enough data to calculate indicator.
Number of Invasive Plant Species (n),NumSpp_NoxPlant,LHA Standard 3: Are noxious weeds and undesirable species minimal in the overall plant community?,Suitable: >= 0 & < 1;  Marginal: >= 1 & < 1;  Unsuitable: >= 1 & < 6,Suitable: >= 0 & < 1;  Marginal: >= 1 & < 1;  Unsuitable: >= 1 & < 5,Suitable: >= 0 & < 1;  Marginal: >= 1 & < 1;  Unsuitable: >= 1 & < 3,Suitable: >= 0 & < 1;  Marginal: >= 1 & < 1;  Unsuitable: >= 1 & < 5,Suitable: >= 0 & < 1;  Marginal: >= 1 & < 1;  Unsuitable: >= 1 & < 4,Suitable: >= 0 & < 1;  Marginal: >= 1 & < 2;  Unsuitable: >= 2 & < 4,Suitable: >= 0 & < 1.5;  Marginal: >= 1.5 & < 2;  Unsuitable: >= 2 & < 4,Suitable: >= 0 & < 2;  Marginal: >= 2 & < 2;  Unsuitable: >= 2 & < 4,Suitable: >= 0 & < 1;  Marginal: >= 1 & < 2;  Unsuitable: >= 2 & < 3,Suitable: >= 0 & < 1;  Marginal: >= 1 & < 1;  Unsuitable: >= 1 & < 3,Suitable: >= 0 & < 1;  Marginal: >= 1 & < 1;  Unsuitable: >= 1 & < 2,Suitable: >= 0 & < 2;  Marginal: >= 2 & < 2;  Unsuitable: >= 2 & < 4,Suitable: >= 0 & < 1.5;  Marginal: >= 1.5 & < 2;  Unsuitable: >= 2 & < 2,Suitable: >= 0 & < 1;  Marginal: >= 1 & < 2;  Unsuitable: >= 2 & < 2,Suitable: >= 0 & < 1;  Marginal: >= 1 & < 1;  Unsuitable: >= 1 & < 3,Suitable: >= 0 & < 1;  Marginal: >= 1 & < 1;  Unsuitable: >= 1 & < 3,Suitable: >= 0 & < 1;  Marginal: >= 1 & < 1.8;  Unsuitable: >= 1.8 & < 3,Suitable: >= 0 & < 2;  Marginal: >= 2 & < 2;  Unsuitable: >= 2 & < 3,Suitable: >= 0 & < 2;  Marginal: >= 2 & < 2;  Unsuitable: >= 2 & < 5,Suitable: >= 0 & < 1;  Marginal: >= 1 & < 2;  Unsuitable: >= 2 & < 4,Suitable: >= 0 & < 2;  Marginal: >= 2 & < 2;  Unsuitable: >= 2 & < 4,Suitable: >= 0 & < 1;  Marginal: >= 1 & < 2;  Unsuitable: >= 2 & < 4,Suitable: >= 0 & < 1;  Marginal: >= 1 & < 1;  Unsuitable: >= 1 & < 3,Suitable: >= 0 & < 2;  Marginal: >= 2 & < 2;  Unsuitable: >= 2 & < 4,Suitable: >= 0 & < 1.5;  Marginal: >= 1.5 & < 2.8;  Unsuitable: >= 2.8 & < 3,Suitable: >= 0 & < 1;  Marginal: >= 1 & < 1;  Unsuitable: >= 1 & < 1,Suitable: >= 0 & < 1;  Marginal: >= 1 & < 1;  Unsuitable: >= 1 & < 2,Not enough data to calculate indicator.,Suitable: >= 0 & < 2;  Marginal: >= 2 & < 2;  Unsuitable: >= 2 & < 2,Suitable: >= 0 & < 1;  Marginal: >= 1 & < 1;  Unsuitable: >= 1 & < 1,Suitable: >= 0 & < 2;  Marginal: >= 2 & < 2.5;  Unsuitable: >= 2.5 & < 3,Suitable: >= 0 & < 2;  Marginal: >= 2 & < 2;  Unsuitable: >= 2 & < 2,Suitable: >= 0 & < 1;  Marginal: >= 1 & < 1.5;  Unsuitable: >= 1.5 & < 2,Not enough data to calculate indicator.
Sagebrush Cover (%),AH_SagebrushCover,LHA Standard 3: Are noxious weeds and undesirable species minimal in the overall plant community?,Suitable: >= 2 & < 15.8;  Marginal: >= 15.8 & < 56;  Unsuitable: >= 0 & < 2,Suitable: >= 6 & < 23.3;  Marginal: >= 23.3 & < 66.7;  Unsuitable: >= 0 & < 6,Suitable: >= 13.9 & < 29.3;  Marginal: >= 29.3 & < 61.4;  Unsuitable: >= 0 & < 13.9,Suitable: >= 5.9 & < 21.3;  Marginal: >= 21.3 & < 49.5;  Unsuitable: >= 0 & < 5.9,Suitable: >= 2 & < 13.6;  Marginal: >= 13.6 & < 54;  Unsuitable: >= 0 & < 2,Suitable: >= 2.2 & < 16.8;  Marginal: >= 16.8 & < 40.7;  Unsuitable: >= 0 & < 2.2,Suitable: >= 1 & < 6.9;  Marginal: >= 6.9 & < 37.3;  Unsuitable: >= 0 & < 1,Suitable: >= 4 & < 20;  Marginal: >= 20 & < 49.3;  Unsuitable: >= 0 & < 4,Suitable: >= 5.5 & < 18.8;  Marginal: >= 18.8 & < 41.3;  Unsuitable: >= 0 & < 5.5,Suitable: >= 7.9 & < 26.7;  Marginal: >= 26.7 & < 55.4;  Unsuitable: >= 0 & < 7.9,Suitable: >= 6 & < 23.4;  Marginal: >= 23.4 & < 73.3;  Unsuitable: >= 0 & < 6,Suitable: >= 2 & < 13.9;  Marginal: >= 13.9 & < 39.3;  Unsuitable: >= 0 & < 2,Suitable: >= 0.7 & < 3.3;  Marginal: >= 3.3 & < 26.7;  Unsuitable: >= 0 & < 0.7,Suitable: >= 2.7 & < 13.9;  Marginal: >= 13.9 & < 42.7;  Unsuitable: >= 0 & < 2.7,Suitable: >= 8.9 & < 27.7;  Marginal: >= 27.7 & < 48.5;  Unsuitable: >= 0 & < 8.9,Suitable: >= 14.7 & < 35.6;  Marginal: >= 35.6 & < 53.3;  Unsuitable: >= 0 & < 14.7,Suitable: >= 3 & < 14.2;  Marginal: >= 14.2 & < 38;  Unsuitable: >= 0 & < 3,Suitable: >= 7.4 & < 21.1;  Marginal: >= 21.1 & < 32.7;  Unsuitable: >= 0 & < 7.4,Suitable: >= 2 & < 10;  Marginal: >= 10 & < 34.7;  Unsuitable: >= 0 & < 2,Suitable: >= 1.3 & < 5;  Marginal: >= 5 & < 8.7;  Unsuitable: >= 0 & < 1.3,Suitable: >= 3.3 & < 15;  Marginal: >= 15 & < 31.7;  Unsuitable: >= 0 & < 3.3,Suitable: >= 12.7 & < 24.8;  Marginal: >= 24.8 & < 56.7;  Unsuitable: >= 0 & < 12.7,Suitable: >= 1.7 & < 12.3;  Marginal: >= 12.3 & < 42;  Unsuitable: >= 0 & < 1.7,Suitable: >= 6.3 & < 17.7;  Marginal: >= 17.7 & < 58.7;  Unsuitable: >= 0 & < 6.3,Suitable: >= 5.7 & < 24.7;  Marginal: >= 24.7 & < 57.3;  Unsuitable: >= 0 & < 5.7,Suitable: >= 4 & < 14.9;  Marginal: >= 14.9 & < 34.7;  Unsuitable: >= 0 & < 4,Suitable: >= 2.7 & < 10;  Marginal: >= 10 & < 30.7;  Unsuitable: >= 0 & < 2.7,Suitable: >= 3 & < 13.3;  Marginal: >= 13.3 & < 35.6;  Unsuitable: >= 0 & < 3,Suitable: >= 0.7 & < 9;  Marginal: >= 9 & < 33.8;  Unsuitable: >= 0 & < 0.7,Suitable: >= 16.8 & < 31.4;  Marginal: >= 31.4 & < 42.7;  Unsuitable: >= 0 & < 16.8,Suitable: >= 2.7 & < 13.2;  Marginal: >= 13.2 & < 30;  Unsuitable: >= 0 & < 2.7,Suitable: >= 2.3 & < 11.3;  Marginal: >= 11.3 & < 15.3;  Unsuitable: >= 0 & < 2.3,Suitable: >= 3.3 & < 14.7;  Marginal: >= 14.7 & < 26.7;  Unsuitable: >= 0 & < 3.3,Not enough data to calculate indicator.
Average Sagebrush Height (cm),Hgt_Sagebrush_Avg,LHA Standard 3: Are plants present in mixed age classes sufficient to sustain recruitment and mortality fluctuations?,Suitable: >= 27 & < 54.2;  Marginal: >= 54.2 & < 467.3;  Unsuitable: >= 0 & < 27,Suitable: >= 33.5 & < 61;  Marginal: >= 61 & < 204;  Unsuitable: >= 3 & < 33.5,Suitable: >= 25.5 & < 47.3;  Marginal: >= 47.3 & < 114.3;  Unsuitable: >= 5 & < 25.5,Suitable: >= 28 & < 52.4;  Marginal: >= 52.4 & < 149;  Unsuitable: >= 2 & < 28,Suitable: >= 23 & < 47.4;  Marginal: >= 47.4 & < 155;  Unsuitable: >= 2.8 & < 23,Suitable: >= 28.2 & < 51.7;  Marginal: >= 51.7 & < 111.4;  Unsuitable: >= 4 & < 28.2,Suitable: >= 22.8 & < 44.5;  Marginal: >= 44.5 & < 79;  Unsuitable: >= 1 & < 22.8,Suitable: >= 22.1 & < 34.3;  Marginal: >= 34.3 & < 99;  Unsuitable: >= 3 & < 22.1,Suitable: >= 25.3 & < 43.5;  Marginal: >= 43.5 & < 145.2;  Unsuitable: >= 2.5 & < 25.3,Suitable: >= 24.2 & < 48.2;  Marginal: >= 48.2 & < 86;  Unsuitable: >= 4.4 & < 24.2,Suitable: >= 22.3 & < 45.6;  Marginal: >= 45.6 & < 98;  Unsuitable: >= 2.8 & < 22.3,Suitable: >= 18 & < 34.4;  Marginal: >= 34.4 & < 97.5;  Unsuitable: >= 1 & < 18,Suitable: >= 24.9 & < 50.7;  Marginal: >= 50.7 & < 121;  Unsuitable: >= 0 & < 24.9,Suitable: >= 20.6 & < 41.2;  Marginal: >= 41.2 & < 83.8;  Unsuitable: >= 3.6 & < 20.6,Suitable: >= 39.9 & < 60.9;  Marginal: >= 60.9 & < 104.8;  Unsuitable: >= 10 & < 39.9,Suitable: >= 41.8 & < 63.7;  Marginal: >= 63.7 & < 107.3;  Unsuitable: >= 7.6 & < 41.8,Suitable: >= 18.3 & < 36.5;  Marginal: >= 36.5 & < 77.5;  Unsuitable: >= 2 & < 18.3,Suitable: >= 21 & < 44.4;  Marginal: >= 44.4 & < 71.5;  Unsuitable: >= 7.6 & < 21,Suitable: >= 21.6 & < 45.7;  Marginal: >= 45.7 & < 103;  Unsuitable: >= 8 & < 21.6,Suitable: >= 25.5 & < 43.7;  Marginal: >= 43.7 & < 110.5;  Unsuitable: >= 4 & < 25.5,Suitable: >= 28.2 & < 50.8;  Marginal: >= 50.8 & < 134.1;  Unsuitable: >= 8.9 & < 28.2,Suitable: >= 15.9 & < 33.8;  Marginal: >= 33.8 & < 79;  Unsuitable: >= 2.2 & < 15.9,Suitable: >= 32.6 & < 51.6;  Marginal: >= 51.6 & < 94.6;  Unsuitable: >= 13 & < 32.6,Suitable: >= 48 & < 90.2;  Marginal: >= 90.2 & < 146.8;  Unsuitable: >= 14.2 & < 48,Suitable: >= 26.8 & < 56.7;  Marginal: >= 56.7 & < 93;  Unsuitable: >= 11.1 & < 26.8,Suitable: >= 17.7 & < 33;  Marginal: >= 33 & < 54;  Unsuitable: >= 7.5 & < 17.7,Suitable: >= 21.8 & < 74.3;  Marginal: >= 74.3 & < 163.5;  Unsuitable: >= 18 & < 21.8,Suitable: >= 20 & < 28.7;  Marginal: >= 28.7 & < 40.7;  Unsuitable: >= 4.3 & < 20,Suitable: >= 23.5 & < 71.6;  Marginal: >= 71.6 & < 103.2;  Unsuitable: >= 7 & < 23.5,Suitable: >= 32.5 & < 53.6;  Marginal: >= 53.6 & < 100.8;  Unsuitable: >= 22.3 & < 32.5,Suitable: >= 60.2 & < 75.1;  Marginal: >= 75.1 & < 101;  Unsuitable: >= 50.8 & < 60.2,Suitable: >= 24.1 & < 34.7;  Marginal: >= 34.7 & < 40.6;  Unsuitable: >= 20.2 & < 24.1,Suitable: >= 39.1 & < 44.8;  Marginal: >= 44.8 & < 79.6;  Unsuitable: >= 22 & < 39.1,Not enough data to calculate indicator.
Dead Sagebrush Cover (% of total sagebrush cover),pct_sagebrush_dead,LHA Standard 3: Are plants present in mixed age classes sufficient to sustain recruitment and mortality fluctuations?,Suitable: >= 0 & < 30.4;  Marginal: >= 30.4 & < 54.5;  Unsuitable: >= 54.5 & < 100,Suitable: >= 0 & < 26.6;  Marginal: >= 26.6 & < 50;  Unsuitable: >= 50 & < 100,Suitable: >= 0 & < 17.8;  Marginal: >= 17.8 & < 33.3;  Unsuitable: >= 33.3 & < 100,Suitable: >= 0 & < 23.7;  Marginal: >= 23.7 & < 42.9;  Unsuitable: >= 42.9 & < 100,Suitable: >= 0 & < 31.6;  Marginal: >= 31.6 & < 57.1;  Unsuitable: >= 57.1 & < 100,Suitable: >= 0 & < 33.3;  Marginal: >= 33.3 & < 57.5;  Unsuitable: >= 57.5 & < 100,Suitable: >= 0 & < 53.8;  Marginal: >= 53.8 & < 100;  Unsuitable: >= 100 & < 100,Suitable: >= 0 & < 32.2;  Marginal: >= 32.2 & < 100;  Unsuitable: >= 100 & < 100,Suitable: >= 0 & < 25;  Marginal: >= 25 & < 49.8;  Unsuitable: >= 49.8 & < 100,Suitable: >= 0 & < 24.8;  Marginal: >= 24.8 & < 51.1;  Unsuitable: >= 51.1 & < 100,Suitable: >= 0 & < 22.2;  Marginal: >= 22.2 & < 33.3;  Unsuitable: >= 33.3 & < 100,Suitable: >= 0 & < 25.9;  Marginal: >= 25.9 & < 45.8;  Unsuitable: >= 45.8 & < 100,Suitable: >= 0 & < 57.1;  Marginal: >= 57.1 & < 100;  Unsuitable: >= 100 & < 100,Suitable: >= 0 & < 28.6;  Marginal: >= 28.6 & < 71.9;  Unsuitable: >= 71.9 & < 100,Suitable: >= 0 & < 22.2;  Marginal: >= 22.2 & < 34.6;  Unsuitable: >= 34.6 & < 100,Suitable: >= 0 & < 17.6;  Marginal: >= 17.6 & < 29.7;  Unsuitable: >= 29.7 & < 100,Suitable: >= 0 & < 24;  Marginal: >= 24 & < 100;  Unsuitable: >= 100 & < 100,Suitable: >= 0 & < 25;  Marginal: >= 25 & < 100;  Unsuitable: >= 100 & < 100,Suitable: >= 0 & < 71.2;  Marginal: >= 71.2 & < 100;  Unsuitable: >= 100 & < 100,Suitable: >= 0 & < 43.2;  Marginal: >= 43.2 & < 100;  Unsuitable: >= 100 & < 100,Suitable: >= 0 & < 36.7;  Marginal: >= 36.7 & < 100;  Unsuitable: >= 100 & < 100,Suitable: >= 0 & < 15.6;  Marginal: >= 15.6 & < 24.2;  Unsuitable: >= 24.2 & < 100,Suitable: >= 0 & < 21.8;  Marginal: >= 21.8 & < 33.3;  Unsuitable: >= 33.3 & < 100,Suitable: >= 0 & < 38.2;  Marginal: >= 38.2 & < 59.1;  Unsuitable: >= 59.1 & < 100,Suitable: >= 0 & < 23.3;  Marginal: >= 23.3 & < 43.2;  Unsuitable: >= 43.2 & < 57.1,Suitable: >= 0 & < 46.4;  Marginal: >= 46.4 & < 100;  Unsuitable: >= 100 & < 100,Suitable: >= 0 & < 37.9;  Marginal: >= 37.9 & < 42.5;  Unsuitable: >= 42.5 & < 50,Suitable: >= 0 & < 25;  Marginal: >= 25 & < 66.7;  Unsuitable: >= 66.7 & < 100,Suitable: >= 0 & < 100;  Marginal: >= 100 & < 100;  Unsuitable: >= 100 & < 100,Suitable: >= 0 & < 14.1;  Marginal: >= 14.1 & < 19.9;  Unsuitable: >= 19.9 & < 37.5,Suitable: >= 0 & < 19.6;  Marginal: >= 19.6 & < 43.8;  Unsuitable: >= 43.8 & < 100,Suitable: >= 0 & < 40;  Marginal: >= 40 & < 57.5;  Unsuitable: >= 57.5 & < 75,Suitable: >= 0 & < 22.5;  Marginal: >= 22.5 & < 36.4;  Unsuitable: >= 36.4 & < 56.7,Not enough data to calculate indicator.
Protected Surface Soil Stability Rating,SoilStability_Protected,"LHA Standard 1: Do upland soils exhibit infiltration and permeability rates that are appropriate to soil type, climate, landform, and geological processes?",Suitable: >= 4.2 & < 6;  Marginal: >= 3 & < 4.2;  Unsuitable: >= 0 & < 3,Suitable: >= 4.3 & < 6;  Marginal: >= 3.3 & < 4.3;  Unsuitable: >= 0.4 & < 3.3,Suitable: >= 4.3 & < 6;  Marginal: >= 3 & < 4.3;  Unsuitable: >= 0 & < 3,Suitable: >= 4.2 & < 6;  Marginal: >= 3.3 & < 4.2;  Unsuitable: >= 0 & < 3.3,Suitable: >= 4.1 & < 6;  Marginal: >= 3 & < 4.1;  Unsuitable: >= 0 & < 3,Suitable: >= 3.8 & < 6;  Marginal: >= 2.3 & < 3.8;  Unsuitable: >= 0 & < 2.3,Suitable: >= 3.8 & < 6;  Marginal: >= 2.7 & < 3.8;  Unsuitable: >= 0 & < 2.7,Suitable: >= 3.7 & < 6;  Marginal: >= 2.5 & < 3.7;  Unsuitable: >= 0.8 & < 2.5,Suitable: >= 4 & < 6;  Marginal: >= 2.7 & < 4;  Unsuitable: >= 0 & < 2.7,Suitable: >= 4.5 & < 6;  Marginal: >= 3.1 & < 4.5;  Unsuitable: >= 1 & < 3.1,Suitable: >= 4.4 & < 6;  Marginal: >= 3 & < 4.4;  Unsuitable: >= 1 & < 3,Suitable: >= 4 & < 6;  Marginal: >= 2.8 & < 4;  Unsuitable: >= 1 & < 2.8,Suitable: >= 4.1 & < 6;  Marginal: >= 2.8 & < 4.1;  Unsuitable: >= 0.1 & < 2.8,Suitable: >= 3.8 & < 6;  Marginal: >= 2.5 & < 3.8;  Unsuitable: >= 1 & < 2.5,Suitable: >= 4.7 & < 6;  Marginal: >= 4 & < 4.7;  Unsuitable: >= 1 & < 4,Suitable: >= 5 & < 6;  Marginal: >= 4.1 & < 5;  Unsuitable: >= 1 & < 4.1,Suitable: >= 3.5 & < 6;  Marginal: >= 2.1 & < 3.5;  Unsuitable: >= 0.5 & < 2.1,Suitable: >= 3.7 & < 6;  Marginal: >= 2.4 & < 3.7;  Unsuitable: >= 0.9 & < 2.4,Suitable: >= 4 & < 6;  Marginal: >= 2.4 & < 4;  Unsuitable: >= 1 & < 2.4,Suitable: >= 4 & < 6;  Marginal: >= 3 & < 4;  Unsuitable: >= 0.2 & < 3,Suitable: >= 4.2 & < 6;  Marginal: >= 3 & < 4.2;  Unsuitable: >= 1 & < 3,Suitable: >= 3.9 & < 6;  Marginal: >= 2.8 & < 3.9;  Unsuitable: >= 1 & < 2.8,Suitable: >= 3.8 & < 5.9;  Marginal: >= 3.1 & < 3.8;  Unsuitable: >= 1.8 & < 3.1,Suitable: >= 4.2 & < 6;  Marginal: >= 3.5 & < 4.2;  Unsuitable: >= 1 & < 3.5,Suitable: >= 4.2 & < 6;  Marginal: >= 3.1 & < 4.2;  Unsuitable: >= 1.4 & < 3.1,Suitable: >= 3.2 & < 5.5;  Marginal: >= 2.5 & < 3.2;  Unsuitable: >= 1 & < 2.5,Suitable: >= 4.4 & < 5.8;  Marginal: >= 3.6 & < 4.4;  Unsuitable: >= 2.7 & < 3.6,Suitable: >= 4.7 & < 6;  Marginal: >= 4 & < 4.7;  Unsuitable: >= 1 & < 4,Suitable: >= 3.5 & < 6;  Marginal: >= 3 & < 3.5;  Unsuitable: >= 0 & < 3,Suitable: >= 4.8 & < 6;  Marginal: >= 4.2 & < 4.8;  Unsuitable: >= 2 & < 4.2,Suitable: >= 4.2 & < 6;  Marginal: >= 2.7 & < 4.2;  Unsuitable: >= 1 & < 2.7,Suitable: >= 4 & < 6;  Marginal: >= 2 & < 4;  Unsuitable: >= 1 & < 2,Suitable: >= 4.7 & < 6;  Marginal: >= 3.5 & < 4.7;  Unsuitable: >= 1.7 & < 3.5,Not enough data to calculate indicator.
Unprotected Surface Soil Stability Rating,SoilStability_Unprotected,"LHA Standard 1: Do upland soils exhibit infiltration and permeability rates that are appropriate to soil type, climate, landform, and geological processes?",Suitable: >= 2.9 & < 6;  Marginal: >= 2 & < 2.9;  Unsuitable: >= 1 & < 2,Suitable: >= 3 & < 6;  Marginal: >= 2.1 & < 3;  Unsuitable: >= 1 & < 2.1,Suitable: >= 3 & < 6;  Marginal: >= 2.2 & < 3;  Unsuitable: >= 1 & < 2.2,Suitable: >= 3 & < 6;  Marginal: >= 2.3 & < 3;  Unsuitable: >= 1 & < 2.3,Suitable: >= 3 & < 6;  Marginal: >= 2 & < 3;  Unsuitable: >= 1 & < 2,Suitable: >= 2.5 & < 6;  Marginal: >= 1.5 & < 2.5;  Unsuitable: >= 1 & < 1.5,Suitable: >= 2.7 & < 6;  Marginal: >= 1.8 & < 2.7;  Unsuitable: >= 1 & < 1.8,Suitable: >= 2.6 & < 5.8;  Marginal: >= 1.9 & < 2.6;  Unsuitable: >= 1 & < 1.9,Suitable: >= 2.8 & < 6;  Marginal: >= 2 & < 2.8;  Unsuitable: >= 1 & < 2,Suitable: >= 2.8 & < 6;  Marginal: >= 1.8 & < 2.8;  Unsuitable: >= 1 & < 1.8,Suitable: >= 2.8 & < 6;  Marginal: >= 2 & < 2.8;  Unsuitable: >= 1 & < 2,Suitable: >= 2.7 & < 5.8;  Marginal: >= 1.8 & < 2.7;  Unsuitable: >= 1 & < 1.8,Suitable: >= 2.8 & < 6;  Marginal: >= 2 & < 2.8;  Unsuitable: >= 1 & < 2,Suitable: >= 2.5 & < 6;  Marginal: >= 1.7 & < 2.5;  Unsuitable: >= 1 & < 1.7,Suitable: >= 3.5 & < 6;  Marginal: >= 2.5 & < 3.5;  Unsuitable: >= 1 & < 2.5,Suitable: >= 3 & < 6;  Marginal: >= 2 & < 3;  Unsuitable: >= 1 & < 2,Suitable: >= 2.4 & < 5.8;  Marginal: >= 1.6 & < 2.4;  Unsuitable: >= 1 & < 1.6,Suitable: >= 2.3 & < 5.5;  Marginal: >= 1.6 & < 2.3;  Unsuitable: >= 1 & < 1.6,Suitable: >= 2.5 & < 6;  Marginal: >= 1.6 & < 2.5;  Unsuitable: >= 1 & < 1.6,Suitable: >= 2.4 & < 6;  Marginal: >= 1.7 & < 2.4;  Unsuitable: >= 1 & < 1.7,Suitable: >= 3.1 & < 6;  Marginal: >= 2 & < 3.1;  Unsuitable: >= 1 & < 2,Suitable: >= 2.6 & < 5.7;  Marginal: >= 1.8 & < 2.6;  Unsuitable: >= 1 & < 1.8,Suitable: >= 2.6 & < 5.3;  Marginal: >= 2 & < 2.6;  Unsuitable: >= 1 & < 2,Suitable: >= 3.2 & < 6;  Marginal: >= 2.5 & < 3.2;  Unsuitable: >= 1 & < 2.5,Suitable: >= 2.2 & < 6;  Marginal: >= 1.7 & < 2.2;  Unsuitable: >= 1 & < 1.7,Suitable: >= 2.7 & < 5.6;  Marginal: >= 2 & < 2.7;  Unsuitable: >= 1 & < 2,Suitable: >= 3.8 & < 5.3;  Marginal: >= 3.1 & < 3.8;  Unsuitable: >= 2.1 & < 3.1,Suitable: >= 3.3 & < 5.1;  Marginal: >= 1.8 & < 3.3;  Unsuitable: >= 1 & < 1.8,Suitable: >= 3 & < 5.7;  Marginal: >= 2.2 & < 3;  Unsuitable: >= 1 & < 2.2,Suitable: >= 3 & < 5;  Marginal: >= 2.3 & < 3;  Unsuitable: >= 1.8 & < 2.3,Suitable: >= 2.3 & < 4.8;  Marginal: >= 1.6 & < 2.3;  Unsuitable: >= 1.1 & < 1.6,Suitable: >= 3.3 & < 5.9;  Marginal: >= 2.3 & < 3.3;  Unsuitable: >= 1.5 & < 2.3,Suitable: >= 3.1 & < 5.5;  Marginal: >= 2.5 & < 3.1;  Unsuitable: >= 1.6 & < 2.5,Not enough data to calculate indicator.
Browse (NEED TO FIGURE THIS OUT),NA,NA,NA,NA,NA,NA,NA,NA,NA,NA,NA,NA,NA,NA,NA,NA,NA,NA,NA,NA,NA,NA,NA,NA,NA,NA,NA,NA,NA,NA,NA,NA,NA,NA,NA,NA
Sagebrush Shape,NA,LHA Standard 3: Are plants present in mixed age classes sufficient to sustain recruitment and mortality fluctuations?,NA,NA,NA,NA,NA,NA,NA,NA,NA,NA,NA,NA,NA,NA,NA,NA,NA,NA,NA,NA,NA,NA,NA,NA,NA,NA,NA,NA,NA,NA,NA,NA,NA,NA
